name,member_id,total_years_no_double_count,government_positions,final_post_end_date
Robin Millar,4746,0.0,,
Leo Docherty,4600,4.94,"Minister of State (Ministry of Defence) (Minister for the Armed Forces); Parliamentary Under-Secretary (Foreign, Commonwealth and Development Office); Minister of State (Foreign, Commonwealth and Development Office); Parliamentary Under-Secretary of State (jointly with the Ministry of Defence); Assistant Whip",2024-07-05
Wendy Morton,4358,4.79,"Parliamentary Secretary to the Treasury (Chief Whip); Minister of State (Department for Transport); Parliamentary Under-Secretary (Department for Transport); Parliamentary Under-Secretary (Foreign, Commonwealth and Development Office); Parliamentary Under-Secretary (Foreign and Commonwealth Office) (Joint with the Department for International Development); Parliamentary Under-Secretary (Ministry of Justice); Assistant Whip (HM Treasury)",2022-10-25
Nigel Mills,4136,0.0,,
Andrew Griffith,4874,2.42,"Minister of State (Department for Science, Innovation and Technology); Economic Secretary (HM Treasury); Financial Secretary (HM Treasury); Parliamentary Under-Secretary (Department for International Trade); Parliamentary Secretary (Minister for Policy and Head of the Prime Ministerâ€™s Policy Unit)",2024-07-05
Lee Anderson,4743,0.0,,
Damian Green,76,5.61,First Secretary of State and Minister for the Cabinet Office; Secretary of State for Work and Pensions; Minister of State (Ministry of Justice) (jointly with Home Office); Minister of State (Home Office) (Policing) (Jointly with the Ministry of Justice); Minister of State (Home Office) (Immigration),2017-12-20
Rob Butler,4745,0.1,Parliamentary Under-Secretary (Ministry of Justice),2022-10-27
David Duguid,4606,1.39,"Parliamentary Under-Secretary (Scotland Office); Assistant Whip; Parliamentary Under-Secretary (Scotland Office); Government Whip, Lord Commissioner of HM Treasury",2022-10-27
Simon Fell,4744,0.0,,
John Baron,1390,0.0,,
Maria Miller,1480,3.9,"Minister for Women and Equalities; Secretary of State for Culture, Media and Sport; Parliamentary Under-Secretary (Department for Work and Pensions)",2014-04-09
Brendan Clarke-Smith,4756,0.3,Parliamentary Secretary (Cabinet Office); Parliamentary Under-Secretary (Department for Education),2022-10-27
Joy Morrissey,4759,1.99,"Government Whip, Lord Commissioner of HM Treasury; Assistant Whip",2024-07-05
Bob Stewart,3919,0.0,,
Anne-Marie Trevelyan,4531,4.59,"Minister of State (Foreign, Commonwealth and Development Office); Secretary of State for Transport; Secretary of State for International Trade and President of the Board of Trade; Minister of State (Business, Energy and Industrial Strategy) (Energy and Clean Growth); Secretary of State for International Development; Minister of State (Ministry of Defence) (Minister for the Armed Forces); Parliamentary Under-Secretary (Ministry of Defence)",2024-07-05
John Lamont,4608,1.69,Parliamentary Under-Secretary (Scotland Office),2024-07-05
Graham Stuart,1482,6.93,"Minister of State (Department for Energy Security and Net Zero); Minister of State (Minister for Climate); Minister of State (Foreign, Commonwealth and Development Office); Parliamentary Under-Secretary (Department for International Trade); Assistant Whip (HM Treasury)",2024-04-12
Huw Merriman,4442,1.69,Minister of State (Department for Transport),2024-07-05
David Evennett,1198,5.65,"Lord Commissioner (HM Treasury) (Whip); Assistant Whip; Parliamentary Under-Secretary (Department for Culture, Media and Sport); Lord Commissioner (HM Treasury) (Whip)",2022-10-27
Gary Sambrook,4760,0.0,,
Dehenna Davison,4737,1.03,"Parliamentary Under Secretary of State (Department for Levelling Up, Housing and Communities)",2023-09-18
Paul Maynard,3926,4.22,Parliamentary Under-Secretary (Department for Work and Pensions); Parliamentary Under-Secretary (Department for Transport); Parliamentary Under-Secretary (Ministry of Justice); Lord Commissioner (HM Treasury) (Whip); Parliamentary Under-Secretary (Department for Transport),2024-07-05
Scott Benton,4793,0.0,,
Ian Levy,4749,0.0,,
Nick Gibb,111,10.54,Minister of State (Education); Minister of State (Education); Minister of State (Education),2023-11-13
Mark Fletcher,4774,0.64,Assistant Whip,2024-07-05
Mark Logan,4815,0.0,,
Chris Green,4398,0.0,,
Matt Warman,4361,2.31,"Minister of State (Department for Digital, Culture, Media and Sport); Parliamentary Under-Secretary (Department for Digital, Culture, Media and Sport) ",2022-09-07
Luke Evans,4781,0.0,,
Tobias Ellwood,1487,5.03,Parliamentary Under-Secretary (Ministry of Defence); Parliamentary Under-Secretary (Foreign and Commonwealth Office),2019-07-27
Conor Burns,3922,1.83,Minister of State (Department for International Trade); Minister of State (Northern Ireland Office); Minister of State (Department for International Trade),2022-10-07
James Sunderland,4767,0.0,,
James Cleverly,4366,5.25,"Home Secretary; Foreign Secretary; Secretary of State for Education; Minister of State (Minister for Europe); Minister of State (Foreign, Commonwealth and Development Office); Minister of State (Foreign and Commonwealth Office) (Joint with the Department for International Development); Minister without Portfolio (Cabinet Office); Parliamentary Under-Secretary (Department for Exiting the European Union)",2024-07-05
Fay Jones,4763,1.69,Parliamentary Under-Secretary (Wales Office); Assistant Whip,2024-07-05
Alex Burghart,4613,2.59,Parliamentary Secretary (Cabinet Office); Parliamentary Under-Secretary (Department for Work and Pensions); Parliamentary Under-Secretary (Department for Education),2024-07-05
Jamie Wallis,4766,0.0,,
Ian Liddell-Grainger,1396,0.0,,
Andrew Percy,3939,0.91,Parliamentary Under-Secretary (Department for Communities and Local Government),2017-06-14
Jerome Mayhew,4739,0.0,,
Robert Neill,1601,2.31,Parliamentary Under-Secretary (Department for Communities and Local Government) (Planning),2012-09-06
Sajid Javid,3945,8.46,"Secretary of State for Health and Social Care; Chancellor of the Exchequer; Home Secretary; Secretary of State for Housing, Communities and Local Government; Secretary of State for Communities and Local Government; Secretary of State for Business, Innovation and Skills; Secretary of State for Culture, Media and Sport; Minister for Equality; Financial Secretary (HM Treasury); Economic Secretary (HM Treasury)",2022-07-05
Charles Walker,1493,0.0,,
Darren Henry,4794,0.1,Assistant Whip,2022-10-27
Greg Smith,4778,0.0,,
Antony Higginbotham,4833,0.0,,
James Daly,4854,0.0,,
Christian Wakeford,4871,1.63,"Government Whip, Lord Commissioner of HM Treasury; Assistant Whip",2026-02-27
Jo Churchill,4380,6.31,"Minister of State (Department for Work and Pensions); Vice Chamberlain (HM Household) (Whip, House of Commons); Parliamentary Under-Secretary (Department for Environment, Food and Rural Affairs); Parliamentary Under-Secretary (Department of Health and Social Care); Assistant Whip (HM Treasury)",2024-07-05
Craig Whittaker,3940,2.93,"Treasurer of HM Household (Deputy Chief Whip, House of Commons); Lord Commissioner (HM Treasury) (Whip); Lord Commissioner (HM Treasury) (Whip); Vice Chamberlain (HM Household) (Whip, House of Commons); Lord Commissioner (HM Treasury) (Whip); Assistant Whip (HM Treasury)",2022-10-27
George Eustice,3934,8.51,"Secretary of State for Environment, Food and Rural Affairs; Minister of State (Department for Environment, Food and Rural Affairs); Minister of State (Department for Environment, Food and Rural Affairs); Parliamentary Under-Secretary (Department for Environment, Food and Rural Affairs)",2022-09-06
Amanda Milling,4454,5.3,"Government Whip, Lord Commissioner of HM Treasury; Minister of State (Foreign, Commonwealth and Development Office); Minister without Portfolio (Cabinet Office); Treasurer of HM Household (Deputy Chief Whip, House of Commons); Assistant Whip (HM Treasury)",2024-07-05
John Stevenson,3942,0.0,,
Elliot Colburn,4775,0.0,,
Rebecca Harris,3948,7.06,"Comptroller (HM Household) (Whip, House of Commons); Lord Commissioner (HM Treasury) (Whip); Assistant Whip (HM Treasury)",2024-07-05
Mel Stride,3935,6.6,"Secretary of State for Work and Pensions; Lord President of the Council and Leader of the House of Commons; Financial Secretary to the Treasury and Paymaster General; Comptroller (HM Household) (Deputy Chief Whip, House of Commons); Lord Commissioner (HM Treasury) (Whip); Assistant Whip (HM Treasury)",2024-07-05
Dan Poulter,3932,2.56,Parliamentary Under-Secretary (Department of Health),2015-03-30
Edward Argar,4362,5.89,Minister of State (Ministry of Justice); Chief Secretary to the Treasury; Paymaster General; Minister of State (Cabinet Office) (Attends Cabinet); Minister of State (Department of Health and Social Care); Parliamentary Under-Secretary (Ministry of Justice),2024-07-05
Tracey Crouch,3950,3.49,"Parliamentary Under-Secretary (Department for Digital, Culture, Media and Sport) ; Parliamentary Under-Secretary (Department for Culture, Media and Sport)",2018-11-01
Mary Robinson,4406,0.0,,
Vicky Ford,4674,2.7,"Minister of State (Foreign, Commonwealth and Development Office) (Minister for Development); Parliamentary Under-Secretary (Foreign, Commonwealth and Development Office); Parliamentary Under-Secretary (Department for Education)",2022-10-25
Greg Hands,1526,10.99,"Minister of State (Department for Business and Trade); Minister without Portfolio (Cabinet Office); Minister of State (Department for International Trade); Minister of State (Department for Business, Energy and Industrial Strategy); Minister of State (Department for International Trade); Minister of State (Department for International Trade); Minister of State (Department for International Trade) (and Minister for London); Minister of State (Department for International Trade); Chief Secretary to the Treasury; Treasurer of HM Household (Deputy Chief Whip, House of Commons); Assistant Whip (HM Treasury)",2024-07-05
Alex Chalk,4481,4.08,Lord Chancellor and Secretary of State for Justice; Minister of State (Ministry of Defence); Solicitor General (Attorney General's Office); Assistant Whip; Parliamentary Under-Secretary (Ministry of Justice),2024-07-05
Cheryl Gillan,18,4.14,Secretary of State for Wales; Parliamentary Under-Secretary (Department for Education and Employment),2012-09-06
Gillian Keegan,4680,4.39,"Secretary of State for Education; Parliamentary Under-Secretary (Foreign, Commonwealth and Development Office); Minister of State (Department of Health and Social Care); Parliamentary Under-Secretary (Department for Education)",2024-07-05
Iain Duncan Smith,152,5.85,Secretary of State for Work and Pensions,2016-03-19
Michelle Donelan,4530,5.78,"Secretary of State for Science, Innovation and Technology; Minister on Leave (Secretary of State); Secretary of State for Science, Innovation and Technology; Secretary of State for Digital, Culture, Media and Sport; Secretary of State for Education; Minister of State (Department for Education) (Higher and Further Education); Minister of State (Education); Parliamentary Under-Secretary (Department for Education); Lord Commissioner (HM Treasury) (Whip); Assistant Whip",2024-07-05
Theresa Villiers,1500,6.73,"Secretary of State for Environment, Food and Rural Affairs; Secretary of State for Northern Ireland; Minister of State (Department for Transport) (Rail and Aviation)",2020-02-13
Christopher Chope,242,5.59,Parliamentary Under-Secretary (Department for Transport) (Roads and Motoring); Parliamentary Under-Secretary (Department of Environment),1992-04-14
Nickie Aiken,4741,0.0,,
Giles Watling,4677,0.0,,
Martin Vickers,3957,0.0,,
Simon Baynes,4800,0.17,Parliamentary Under Secretary of State (Ministry of Justice) (jointly with Home Office),2022-09-08
David Jones,1502,5.07,Minister of State (Department for Exiting the European Union); Secretary of State for Wales; Parliamentary Under-Secretary (Wales Office),2017-06-12
Will Quince,4423,4.61,Minister of State (Department of Health and Social Care); Minister of State (Education); Parliamentary Under-Secretary (Department for Education); Parliamentary Under-Secretary (Department for Work and Pensions),2023-11-13
Jason McCartney,3953,0.0,,
Fiona Bruce,3958,0.0,,
Trudy Harrison,4593,2.16,"Parliamentary Under-Secretary (Department for Environment, Food and Rural Affairs); Minister of State (Department for Transport); Parliamentary Under-Secretary (Department for Transport)",2023-11-13
Tom Pursglove,4369,4.93,Minister of State (Minister for Legal Migration and Delivery); Minister of State (Department for Work and Pensions); Minister of State (Home Office); Minister of State (Ministry of Justice) (jointly with Home Office); Parliamentary Under Secretary of State (Ministry of Justice) (jointly with Home Office); Assistant Whip,2024-07-05
Henry Smith,3960,0.0,,
Kieran Mullan,4860,0.0,,
Chris Philp,4503,4.65,"Minister of State (Home Office); Paymaster General and Minister for the Cabinet Office; Chief Secretary to the Treasury; Parliamentary Under-Secretary (Department for Digital, Culture, Media and Sport) ; Parliamentary Under-Secretary (Home Office); Minister of State (London); Parliamentary Under-Secretary (Ministry of Justice)",2024-07-05
Peter Gibson,4754,0.0,,
Gareth Johnson,3970,1.29,Parliamentary Under-Secretary (Ministry of Justice); Lord Commissioner (HM Treasury) (Whip); Assistant Whip; Assistant Whip,2022-10-27
Chris Heaton-Harris,3977,7.66,"Secretary of State for Northern Ireland; Parliamentary Secretary to the Treasury and Chief Whip; Minister of State (Foreign, Commonwealth and Development Office); Minister of State (Department for Transport); Parliamentary Under-Secretary (Department for Exiting the European Union); Comptroller (HM Household) (Whip, House of Commons); Vice Chamberlain (HM Household) (Whip, House of Commons); Assistant Whip (HM Treasury)",2024-07-05
Rob Roberts,4810,0.0,,
Amanda Solloway,4372,4.39,"Parliamentary Under Secretary of State (Department for Energy Security and Net Zero); Government Whip, Lord Commissioner of HM Treasury; Parliamentary Under-Secretary (Home Office); Parliamentary Under Secretary of State (Foreign, Commonwealth and Development Office) (Minister for Equalities); Government Whip, Lord Commissioner of HM Treasury; Parliamentary Under-Secretary (Department for Business, Energy and Industrial Strategy)",2024-07-05
Sarah Dines,4816,1.75,"Parliamentary Under-Secretary (Home Office); Government Whip, Lord Commissioner of HM Treasury; Parliamentary Under Secretary of State (Ministry of Justice) (jointly with Home Office); Assistant Whip",2023-11-13
Danny Kruger,4858,0.0,,
Mark Eastwood,4807,0.0,,
Nick Fletcher,4832,0.0,,
Natalie Elphicke,4795,0.0,,
Marco Longhi,4789,0.0,,
Mike Wood,401,0.0,,
David Mundell,1512,9.19,Secretary of State for Scotland; Parliamentary Under-Secretary (Scotland Office),2019-07-24
Simon Jupp,4862,0.0,,
Damian Hinds,3969,7.5,Minister of State (Education); Minister of State (Ministry of Justice); Minister of State (Home Office) (Security); Secretary of State for Education; Minister of State (Department for Work and Pensions); Exchequer Secretary (HM Treasury); Assistant Whip (HM Treasury),2024-07-05
Claire Coutinho,4806,1.79,Secretary of State for Energy Security and Net Zero; Parliamentary Under-Secretary (Department for Education); Parliamentary Under-Secretary (Department for Work and Pensions),2024-07-05
Tim Loughton,114,2.31,Parliamentary Under-Secretary (Department for Education),2012-09-06
Greg Knight,1200,8.47,"Vice Chamberlain (HM Household) (Whip, House of Commons); Minister of State (Energy and Industry); Deputy Chief Whip and Treasurer; Lord Commissioner (HM Treasury) (Whip); Assistant Whip (HM Treasury)",2013-10-07
Caroline Ansell,4512,0.0,,
Paul Holmes,1404,0.0,,
Edward Timpson,1605,4.93,Solicitor General (Attorney General's Office); Minister of State (Education); Parliamentary Under-Secretary (Department for Education),2022-09-07
Alec Shelbrooke,3997,0.13,Minister of State (Ministry of Defence),2022-10-26
Maggie Throup,4447,2.97,Parliamentary Under-Secretary (Department of Health and Social Care); Lord Commissioner (HM Treasury) (Whip),2022-09-08
Dominic Raab,4007,6.21,"Lord Chancellor and Secretary of State for Justice; Deputy Prime Minister; Lord Chancellor and Secretary of State for Justice; Deputy Prime Minister; Foreign Secretary and First Secretary of State; Foreign Secretary and First Secretary of State; Secretary of State for Exiting the European Union; Minister of State (Housing, Communities and Local Government); Minister of State (Ministry of Justice); Parliamentary Under-Secretary (Ministry of Justice)",2023-04-21
Suella Braverman,4475,4.58,Home Secretary; Home Secretary; Attorney General; Minister on Leave (Attorney General); Attorney General; Parliamentary Under-Secretary (Department for Exiting the European Union),2023-11-13
Helen Whately,4527,4.51,"Minister of State (Department of Health and Social Care); Exchequer Secretary (HM Treasury); Minister of State (Department of Health and Social Care); Parliamentary Under-Secretary (Department for Digital, Culture, Media and Sport) ",2024-07-05
Jack Lopresti,3989,0.0,,
Mike Freer,4004,6.38,"Parliamentary Under-Secretary (Ministry of Justice); Parliamentary Under-Secretary (Department for International Trade); Parliamentary Under Secretary of State (Foreign, Commonwealth and Development Office) (Minister for Equalities); Comptroller (HM Household) (Whip, House of Commons); Lord Commissioner (HM Treasury) (Whip); Assistant Whip (HM Treasury)",2024-07-05
Damian Collins,3986,0.3,"Parliamentary Under-Secretary (Department for Digital, Culture, Media and Sport) ",2022-10-27
Mark Menzies,3998,0.0,,
Edward Leigh,345,2.57,Parliamentary Under-Secretary (Department of Trade and Industry),1993-05-27
Tom Randall,4845,0.0,,
Rehman Chishti,3987,0.17,"Parliamentary Under-Secretary (Foreign, Commonwealth and Development Office)",2022-09-07
Richard Graham,3990,0.0,,
Caroline Dinenage,4008,6.36,"Minister of State (Department for Digital, Culture, Media and Sport); Minister of State (Department of Health and Social Care); Parliamentary Under-Secretary (Department for Work and Pensions); Parliamentary Under-Secretary (Department for Education); Parliamentary Under-Secretary (Ministry of Justice); Minister for Equalities (Department for Education)",2021-09-16
Gareth Davies,4850,1.21,Exchequer Secretary (HM Treasury),2024-07-05
Adam Holloway,1522,0.3,"Government Whip, Lord Commissioner of HM Treasury; Assistant Whip",2022-10-27
Lia Nici,4851,0.3,"Assistant Whip; Parliamentary Under Secretary of State (Department for Levelling Up, Housing and Communities)",2022-10-27
Brandon Lewis,4009,9.96,Lord Chancellor and Secretary of State for Justice; Secretary of State for Northern Ireland; Minister of State (Home Office); Minister without Portfolio (Cabinet Office); Minister of State (Home Office) (Immigration); Minister of State (Home Office) (Policing and the Fire Service); Minister of State (Communities and Local Government); Parliamentary Under-Secretary (Department for Communities and Local Government),2022-10-25
Angela Richardson,4840,0.0,,
James Morris,3992,3.11,"Parliamentary Under-Secretary (Department of Health and Social Care); Vice Chamberlain (HM Household) (Whip, House of Commons); Lord Commissioner (HM Treasury) (Whip)",2022-09-08
David Davis,373,8.39,Secretary of State for Exiting the European Union; Minister of State (Foreign and Commonwealth Office); Parliamentary Secretary (Duchy of Lancaster Office); Assistant Whip (HM Treasury),2018-07-08
Neil O'Brien,4679,1.98,"Parliamentary Under-Secretary (Department of Health and Social Care); Parliamentary Under Secretary of State (Department for Levelling Up, Housing and Communities); Parliamentary Under-Secretary (Housing, Communities and Local Government)",2023-11-13
Robert Halfon,3985,3.51,Minister of State (Education); Minister of State (Department of Education) (Apprenticeships and Skills); Minister without Portfolio (Cabinet Office),2024-03-26
Andrew Jones,3996,3.37,Parliamentary Under-Secretary (Department for Transport); Exchequer Secretary (HM Treasury); Parliamentary Under-Secretary (Department for Transport),2019-07-26
Bob Blackman,4005,0.0,,
Bernard Jenkin,40,0.0,,
Sally-Ann Hart,4842,0.0,,
Alan Mak,4484,1.66,"Minister of State (Department for Business and Trade) (jointly with the Cabinet Office); Exchequer Secretary (HM Treasury); Government Whip, Lord Commissioner of HM Treasury",2024-07-05
William Wragg,4429,0.0,,
Mike Penning,1528,7.07,Minister of State (Ministry of Defence); Minister of State (Home Office); Minister of State (Ministry of Justice); Minister of State (Department for Work and Pensions); Minister of State (Northern Ireland Office); Parliamentary Under-Secretary (Department for Transport) (Roads and Motoring),2017-06-12
Matthew Offord,4006,0.0,,
John Howell,1606,0.0,,
Jesse Norman,3991,6.34,"Minister of State (Department for Transport); Minister of State (Foreign, Commonwealth and Development Office); Financial Secretary to the Treasury and Paymaster General; Financial Secretary (HM Treasury); Minister of State (Department for Transport); Parliamentary Under-Secretary (Department for Transport); Parliamentary Under-Secretary (Department for Business, Energy and Industrial Strategy)",2023-11-13
Julie Marson,4768,1.25,Assistant Whip; Assistant Whip; Parliamentary Under-Secretary (Department for Work and Pensions),2023-11-13
Oliver Dowden,4441,6.15,"Deputy Prime Minister; Secretary of State in the Cabinet Office; Chancellor of the Duchy of Lancaster; Minister without Portfolio (Cabinet Office); Secretary of State for Digital, Culture, Media and Sport; Paymaster General (HM Treasury); Minister of State (Cabinet Office); Parliamentary Secretary (Cabinet Office)",2024-07-05
Guy Opperman,4142,9.01,Parliamentary Under-Secretary (Department for Transport); Minister of State (Department for Work and Pensions); Parliamentary Under-Secretary (Department for Work and Pensions); Parliamentary Under-Secretary (Department for Work and Pensions); Lord Commissioner (HM Treasury) (Whip); Assistant Whip (HM Treasury),2024-07-05
Chris Clarkson,4835,0.0,,
Robert Largan,4852,1.69,Assistant Whip,2024-07-05
Bim Afolami,4639,0.64,Economic Secretary (HM Treasury),2024-07-05
Julia Lopez,4647,4.22,"Minister of State (Department for Science, Innovation and Technology); Minister of State (Department for Culture, Media and Sport); Minister on Leave (Minister of State); Minister on Leave (Minister of State); Minister of State (Department for Science, Innovation and Technology); Minister of State (Department for Culture, Media and Sport); Minister of State (Department for Digital, Culture, Media and Sport); Minister of State (Department for Digital, Culture, Media and Sport); Parliamentary Secretary (Cabinet Office)",2024-07-05
Jeremy Quin,4507,5.3,Paymaster General and Minister for the Cabinet Office; Minister of State (Home Office); Minister of State (Ministry of Defence); Parliamentary Secretary (Cabinet Office); Lord Commissioner (HM Treasury) (Whip); Assistant Whip,2023-11-13
Jonathan Djanogly,1425,2.31,Parliamentary Under-Secretary (Ministry of Justice),2012-09-06
Sara Britcliffe,4838,0.0,,
Tom Hunt,4771,0.0,,
Bob Seely,4681,0.0,,
Robbie Moore,4861,0.64,"Parliamentary Under-Secretary (Department for Environment, Food and Rural Affairs)",2024-07-05
Jeremy Wright,1560,9.2,"Secretary of State for Digital, Culture, Media and Sport; Attorney General; Parliamentary Under-Secretary (Ministry of Justice); Lord Commissioner (HM Treasury) (Whip)",2019-07-24
Felicity Buchan,4821,1.83,"Parliamentary Under Secretary of State (Department for Levelling Up, Housing and Communities); Exchequer Secretary (HM Treasury)",2024-07-05
Philip Hollobone,1537,0.0,,
Chris Skidmore,4021,2.67,"Minister of State (Department for Business, Energy and Industrial Strategy) (Universities and Science) (Joint with the Department for Education); Minister of State (Department of Health and Social Care); Minister of State (Department for Business, Energy and Industrial Strategy) (Universities and Science) (Joint with the Department for Education); Parliamentary Under-Secretary (Cabinet Office)",2020-02-13
James Grundy,4843,0.0,,
Maria Caulfield,4492,4.41,Parliamentary Under Secretary of State (Department for Business and Trade) (Minister for Women); Parliamentary Under-Secretary (Department of Health and Social Care); Parliamentary Under-Secretary (Department for International Trade) (Minister for Women); Minister of State (Department of Health and Social Care); Parliamentary Under-Secretary (Department of Health and Social Care); Assistant Whip,2024-07-05
Michael Fabricant,280,2.32,Lord Commissioner (HM Treasury) (Whip),2012-09-06
Karl McCartney,4028,0.17,Parliamentary Under-Secretary (Department for Transport),2022-09-08
Jane Hunt,4839,0.17,"Parliamentary Under-Secretary (Department for Business, Energy and Industrial Strategy)",2022-09-08
Victoria Atkins,4399,6.34,Secretary of State for Health and Social Care; Financial Secretary (HM Treasury); Minister for Afghan resettlement; Minister of State (Ministry of Justice); Minister for Women; Parliamentary Under-Secretary (Home Office),2024-07-05
Philip Dunne,1542,7.66,Minister of State (Department of Health); Minister of State (Ministry of Defence) (Defence Procurement); Parliamentary Under-Secretary (Ministry of Defence); Assistant Whip (HM Treasury),2018-01-09
David Rutley,4033,6.95,"Parliamentary Under-Secretary (Foreign, Commonwealth and Development Office); Parliamentary Under-Secretary (Department for Work and Pensions); Parliamentary Under-Secretary (Department for Environment, Food and Rural Affairs); Lord Commissioner (HM Treasury) (Whip)",2024-07-05
Helen Grant,4018,2.56,"Parliamentary Under-Secretary (Department for Culture, Media and Sport); Parliamentary Under-Secretary (Ministry of Justice) (Jointly with the Department for Culture, Media and Sport)",2015-03-30
John Whittingdale,39,3.39,"Minister of State (Department for Science, Innovation and Technology); Minister of State (Department for Culture, Media and Sport); Minister of State (Department for Digital, Culture, Media and Sport); Secretary of State for Culture, Media and Sport",2023-12-20
Ben Bradley,4663,0.0,,
Flick Drummond,4459,0.0,,
Saqib Bhatti,4818,0.64,"Parliamentary Under Secretary of State (Department for Science, Innovation and Technology)",2024-07-05
Nadine Dorries,1481,3.11,"Secretary of State for Digital, Culture, Media and Sport; Minister of State (Department of Health and Social Care); Parliamentary Under-Secretary (Department of Health and Social Care)",2022-09-06
Pauline Latham,4025,0.0,,
Michael Tomlinson,4497,4.39,"Minister of State (Minister for Illegal Migration); Solicitor General (Attorney General's Office); Vice Chamberlain (HM Household) (Whip, House of Commons); Lord Commissioner (HM Treasury) (Whip)",2024-07-05
George Freeman,4020,4.41,"Minister of State (Department for Science, Innovation and Technology); Minister of State (Department for Business, Energy and Industrial Strategy); Parliamentary Under-Secretary (Department for Business, Energy and Industrial Strategy); Minister of State (Department for Transport); Parliamentary Under-Secretary (Department for Business, Innovation and Skills); Parliamentary Under-Secretary (Department of Health)",2023-11-13
Mims Davies,4513,6.28,"Minister of State (Department for Work and Pensions); Parliamentary Under-Secretary (Department for Work and Pensions); Parliamentary Under-Secretary (Home Office); Parliamentary Under-Secretary (Department for Work and Pensions); Parliamentary Under-Secretary (Department for Digital, Culture, Media and Sport) ; Parliamentary Under-Secretary (Wales Office); Assistant Whip (HM Treasury)",2024-07-05
Nigel Huddleston,4407,4.94,"Financial Secretary (HM Treasury); Minister of State (Department for Business and Trade); Parliamentary Under-Secretary (Department for International Trade); Government Whip, Lord Commissioner of HM Treasury; Parliamentary Under-Secretary (Department for Digital, Culture, Media and Sport) ; Assistant Whip",2024-07-05
Simon Clarke,4655,2.23,"Secretary of State for Levelling Up, Housing and Communities; Chief Secretary to the Treasury; Minister of State (Housing, Communities and Local Government); Exchequer Secretary (HM Treasury)",2022-10-25
Ben Everitt,4836,0.0,,
Iain Stewart,4015,4.12,Parliamentary Under-Secretary (Scotland Office); Lord Commissioner (HM Treasury) (Whip); Assistant Whip,2022-09-08
Paul Beresford,103,2.78,Parliamentary Under-Secretary (Department of Environment),1997-05-02
Craig Williams,4438,0.0,,
Douglas Ross,4627,0.44,Government Whip; Parliamentary Under-Secretary (Scotland Office),2020-05-26
David Morris,4135,0.2,Assistant Whip,2022-09-20
Andrea Jenkyns,4490,1.1,Parliamentary Under-Secretary (Department for Education); Assistant Whip,2022-10-27
Julian Lewis,54,0.0,,
Desmond Swayne,55,3.86,"Minister of State (Department for International Development); Vice Chamberlain (HM Household) (Whip, House of Commons); Lord Commissioner (HM Treasury) (Whip)",2016-07-17
Robert Jenrick,4320,4.93,"Minister of State (Home Office) (Immigration); Minister of State (Department of Health and Social Care); Secretary of State for Housing, Communities and Local Government; Exchequer Secretary (HM Treasury)",2023-12-06
Laura Farris,4826,0.64,Parliamentary Under Secretary of State (Ministry of Justice) (jointly with Home Office),2024-07-05
Aaron Bell,4837,0.64,Assistant Whip,2024-07-05
Anne Marie Morris,4249,0.0,,
Scott Mann,4496,3.45,"Government Whip, Lord Commissioner of HM Treasury; Parliamentary Under-Secretary (Department for Environment, Food and Rural Affairs); Assistant Whip; Government Whip, Lord Commissioner of HM Treasury",2024-07-05
Selaine Saxby,4863,0.0,,
Simon Hoare,4494,0.64,"Parliamentary Under Secretary of State (Department for Levelling Up, Housing and Communities)",2024-07-05
Richard Fuller,3912,0.3,Economic Secretary (HM Treasury),2022-10-27
Lee Rowley,4652,2.63,"Minister of State (Minister for Housing); Parliamentary Under Secretary of State (Department for Levelling Up, Housing and Communities); Government Whip, Lord Commissioner of HM Treasury; Parliamentary Under-Secretary (Department for Business, Energy and Industrial Strategy)",2024-07-05
Ranil Jayawardena,4498,2.47,"Secretary of State for Environment, Food and Rural Affairs; Parliamentary Under-Secretary (Department for International Trade)",2022-10-25
Oliver Heald,69,4.58,Minister of State (Ministry of Justice); Solicitor General (Attorney General's Office); Parliamentary Under-Secretary (Department of Social Security),2017-06-12
Jacob Rees-Mogg,4099,3.26,"Secretary of State for Business, Energy and Industrial Strategy ; Minister of State (Minister for Brexit Opportunities and Government Efficiency); Lord President of the Council and Leader of the House of Commons",2022-10-25
Bill Wiggin,1428,2.32,Assistant Whip (HM Treasury),2012-09-06
Duncan Baker,4784,0.0,,
Owen Paterson,274,4.18,"Secretary of State for Environment, Food and Rural Affairs; Secretary of State for Northern Ireland",2014-07-15
Liam Fox,223,7.23,Secretary of State for International Trade and President of the Board of Trade; Secretary of State for Defence; Parliamentary Under-Secretary (Foreign and Commonwealth Office); Lord Commissioner (HM Treasury) (Whip); Assistant Whip (HM Treasury),2019-07-24
Justin Tomlinson,4105,4.61,Minister of State (Department for Energy Security and Net Zero); Minister of State (Department for Work and Pensions); Parliamentary Under-Secretary (Department for Work and Pensions); Parliamentary Under-Secretary of State (Department for Work and Pensions) (Disabled People),2024-07-05
Roger Gale,87,0.0,,
Craig Tracey,4509,0.0,,
Shailesh Vara,1496,6.12,Secretary of State for Northern Ireland; Minister of State (Northern Ireland Office); Parliamentary Under-Secretary (Northern Ireland Office); Parliamentary Under-Secretary (Department for Work and Pensions); Parliamentary Under-Secretary (Ministry of Justice); Assistant Whip (HM Treasury),2022-09-06
Richard Holden,4813,1.69,Minister without Portfolio (Cabinet Office); Parliamentary Under-Secretary (Department for Transport),2024-07-05
Kit Malthouse,4495,4.79,"Secretary of State for Education; Chancellor of the Duchy of Lancaster; Minister of State (Ministry of Justice) (jointly with Home Office); Minister of State (Ministry of Justice) (jointly with Home Office); Minister of State (Home Office); Minister of State (Housing, Communities and Local Government); Parliamentary Under-Secretary (Department for Work and Pensions)",2022-10-25
Andrew Bridgen,4133,0.0,,
James Wild,4787,0.0,,
James Gray,261,0.0,,
Michael Ellis,4116,6.27,"Attorney General; Minister of State (Cabinet Office) (Attends Cabinet); Paymaster General; Solicitor General (Attorney General's Office); Attorney General; Solicitor General (Attorney General's Office); Minister of State (Department for Transport); Parliamentary Under-Secretary (Department for Digital, Culture, Media and Sport) ; Assistant Whip (HM Treasury); Deputy Leader of the House of Commons",2022-10-25
Andrew Lewer,4659,0.0,,
Chloe Smith,1609,9.0,"Secretary of State for Science, Innovation and Technology; Secretary of State for Work and Pensions; Minister of State (Department for Work and Pensions); Minister of State (Cabinet Office); Parliamentary Secretary (Cabinet Office); Assistant Whip (HM Treasury); Parliamentary Under-Secretary (Northern Ireland Office); Parliamentary Secretary (Cabinet Office); Economic Secretary (HM Treasury); Assistant Whip (HM Treasury)",2023-07-20
Marcus Jones,4024,7.47,"Treasurer of HM Household (Deputy Chief Whip, House of Commons); Minister of State (Department for Levelling Up, Housing and Communities); Comptroller (HM Household) (Whip, House of Commons); Vice Chamberlain (HM Household) (Whip, House of Commons); Assistant Whip; Parliamentary Under-Secretary (Department for Communities and Local Government) (Local Government)",2024-07-05
James Brokenshire,1530,10.29,"Minister of State (Home Office); Secretary of State for Housing, Communities and Local Government; Secretary of State for Northern Ireland; Minister of State (Home Office) (Security and Immigration); Parliamentary Under-Secretary (Home Office); Parliamentary Under-Secretary (Home Office)",2021-07-07
Gareth Bacon,4798,0.64,Parliamentary Under-Secretary (Ministry of Justice),2024-07-05
Andrew Stephenson,4044,7.02,"Minister of State (Department of Health and Social Care); Government Whip, Lord Commissioner of HM Treasury; Parliamentary Under Secretary of State (Department for Levelling Up, Housing and Communities); Minister without Portfolio (Cabinet Office); Minister of State (Department for Transport); Minister of State (Foreign and Commonwealth Office) (Joint with the Department for International Development); Parliamentary Under-Secretary (Department for Business, Energy and Industrial Strategy); Vice Chamberlain (HM Household) (Whip, House of Commons); Lord Commissioner (HM Treasury) (Whip); Assistant Whip (HM Treasury)",2024-07-05
Miriam Cates,4865,0.0,,
Neil Hudson,4853,0.0,,
Paul Bristow,4792,0.0,,
Johnny Mercer,4485,3.59,Minister of State (Cabinet Office) (Minister for Veterans' Affairs); Minister of State (Cabinet Office) (Minister for Veterans' Affairs); Parliamentary Under-Secretary of State (jointly with the Ministry of Defence),2024-07-05
Robert Syms,245,2.0,Lord Commissioner (HM Treasury) (Whip); Assistant Whip (HM Treasury),2017-06-15
Penny Mordaunt,4017,9.42,Lord President of the Council and Leader of the House of Commons; Minister of State (Department for International Trade); Paymaster General; Secretary of State for Defence; Minister for Women and Equalities; Secretary of State for International Development; Minister of State (Department for Work and Pensions); Minister of State (Ministry of Defence) (Minister for the Armed Forces); Parliamentary Under-Secretary (Department for Communities and Local Government),2024-07-05
Stephen Crabb,1554,6.17,Secretary of State for Work and Pensions; Secretary of State for Wales; Lord Commissioner (HM Treasury) (Whip) (Jointly as unpaid Parliamentary Under Secretary of State at the Wales Office); Parliamentary Under-Secretary (Wales Office) (Jointly as a paid Lord Commissioner of HM Treasury (Whip) - House of Commons); Assistant Whip (HM Treasury),2016-07-14
Stuart Andrew,4032,7.01,"Parliamentary Under Secretary of State (Department for Culture, Media and Sport); Parliamentary Under Secretary of State (Department for Business and Trade) (Minister for Equalities); Parliamentary Under-Secretary (Department for International Trade) (Minister for Equalities); Parliamentary Under-Secretary (Department for Digital, Culture, Media and Sport) ; Minister of State (Ministry of Justice); Minister of State (Minister for Housing); Treasurer of HM Household (Deputy Chief Whip, House of Commons); Vice-Chamberlain (HM Household); Parliamentary Under-Secretary (Ministry of Defence); Parliamentary Under-Secretary (Wales Office); Assistant Whip (HM Treasury)",2024-07-05
Mark Francois,1444,6.18,"Minister of State (Communities and Local Government); Minister of State (Ministry of Defence); Vice Chamberlain (HM Household) (Whip, House of Commons)",2016-07-17
Jacob Young,4825,1.79,"Parliamentary Under Secretary of State (Department for Levelling Up, Housing and Communities); Assistant Whip",2024-07-05
Crispin Blunt,104,2.31,Parliamentary Under-Secretary (Ministry of Justice) (Prisons and Probation),2012-09-06
Nigel Evans,474,0.0,,
Rishi Sunak,4483,6.18,"Prime Minister, First Lord of the Treasury, Minister for the Civil Service, and Minister for the Union; Chancellor of the Exchequer; Chief Secretary to the Treasury; Parliamentary Under-Secretary (Housing, Communities and Local Government)",2024-07-05
Kelly Tolhurst,4487,3.34,"Minister of State (Education); Treasurer of HM Household (Deputy Chief Whip, House of Commons); Parliamentary Under-Secretary (Housing, Communities and Local Government); Parliamentary Under-Secretary (Department for Transport); Parliamentary Under-Secretary (Department for Business, Energy and Industrial Strategy); Assistant Whip (HM Treasury)",2022-10-27
James Duddridge,1559,6.7,"Minister of State (Department for International Trade); Lord Commissioner (HM Treasury) (Whip); Parliamentary Under-Secretary (Foreign, Commonwealth and Development Office); Parliamentary Under-Secretary (Foreign and Commonwealth Office) (Joint with the Department for International Development); Parliamentary Under-Secretary (Department for Exiting the European Union); Parliamentary Under-Secretary (Foreign and Commonwealth Office); Lord Commissioner (HM Treasury) (Whip)",2022-10-26
Andrew Rosindell,1447,0.0,,
Caroline Nokes,4048,3.02,Minister of State (Home Office) (Immigration); Parliamentary Under-Secretary (Cabinet Office); Parliamentary Under-Secretary (Department for Work and Pensions),2019-07-24
Jake Berry,4060,2.8,"Minister without Portfolio (Cabinet Office); Minister of State (Cabinet Office) (jointly with the Ministry of Housing, Communities and Local Government); Parliamentary Under-Secretary (Department for Business, Energy and Industrial Strategy); Parliamentary Under-Secretary (Housing, Communities and Local Government); Parliamentary Under-Secretary (Department for Communities and Local Government)",2022-10-25
Alexander Stafford,4866,0.0,,
Mark Pawsey,4052,0.0,,
David Simmonds,4872,0.0,,
Ben Spencer,4785,0.0,,
Ruth Edwards,4808,1.21,"Assistant Whip; Government Whip, Lord Commissioner of HM Treasury",2024-04-25
Alicia Kearns,4805,0.0,,
Kemi Badenoch,4597,4.77,"Secretary of State for Business and Trade; President of the Board of Trade; Minister for Women and Equalities; Secretary of State for International Trade and President of the Board of Trade; Minister of State (Foreign, Commonwealth and Development Office) (jointly with Department for Levelling Up, Housing and Communities); Minister for Equalities; Exchequer Secretary (HM Treasury); Parliamentary Under-Secretary (Department for Education)",2024-07-05
John Glen,4051,6.75,"Paymaster General and Minister for the Cabinet Office; Chief Secretary to the Treasury; Economic Secretary (HM Treasury); Minister of State (Treasury) (City); Parliamentary Under-Secretary (Department for Digital, Culture, Media and Sport) ; Parliamentary Under-Secretary (Department for Culture, Media and Sport)",2024-07-05
Robert Goodwill,1562,8.05,"Minister of State (Department for Environment, Food and Rural Affairs); Minister of State (Education); Minister of State (Home Office) (Immigration); Parliamentary Under-Secretary (Department for Transport); Lord Commissioner (HM Treasury) (Whip); Assistant Whip (HM Treasury)",2019-07-25
Holly Mumby-Croft,4867,0.0,,
Paul Howell,4830,0.0,,
Nigel Adams,4057,4.92,"Minister of State (Cabinet Office) (Minister without Portfolio); Minister of State (Foreign, Commonwealth and Development Office); Minister of State (Foreign and Commonwealth Office) (Joint with the Department for International Development); Minister of State (Department for Digital, Culture, Media and Sport); Parliamentary Under-Secretary (Wales Office); Assistant Whip; Parliamentary Under-Secretary (Housing, Communities and Local Government); Lord Commissioner (HM Treasury) (Whip); Assistant Whip (HM Treasury)",2022-09-06
Laura Trott,4780,1.69,Chief Secretary to the Treasury; Parliamentary Under-Secretary (Department for Work and Pensions),2024-07-05
Mark Spencer,4055,8.05,"Minister of State (Department for Environment, Food and Rural Affairs); Lord President of the Council and Leader of the House of Commons; Parliamentary Secretary to the Treasury and Chief Whip; Comptroller (HM Household) (Whip, House of Commons); Vice Chamberlain (HM Household) (Whip, House of Commons); Lord Commissioner (HM Treasury) (Whip); Assistant Whip (HM Treasury)",2024-07-05
Philip Davies,1565,0.0,,
Daniel Kawczynski,1566,0.0,,
Gordon Henderson,4050,0.0,,
Julian Smith,4118,4.76,"Secretary of State for Northern Ireland; Parliamentary Secretary to the Treasury and Chief Whip; Treasurer of HM Household (Deputy Chief Whip, House of Commons); Vice Chamberlain (HM Household) (Whip, House of Commons); Assistant Whip (HM Treasury)",2020-02-13
Caroline Johnson,4592,0.13,Parliamentary Under-Secretary (Department of Health and Social Care),2022-10-27
Julian Knight,4410,0.0,,
David Warburton,4526,0.0,,
Stephen Metcalfe,4092,0.0,,
Anthony Browne,4801,0.64,Parliamentary Under-Secretary (Department for Transport),2024-07-05
Heather Wheeler,4053,4.54,"Parliamentary Secretary (Cabinet Office); Assistant Whip; Parliamentary Under-Secretary (Foreign and Commonwealth Office); Parliamentary Under-Secretary (Housing, Communities and Local Government); Lord Commissioner (HM Treasury) (Whip); Assistant Whip (HM Treasury)",2022-09-07
Richard Drax,4132,0.0,,
Lucy Frazer,4517,6.49,"Secretary of State for Culture, Media and Sport; Minister of State (Department for Levelling Up, Housing and Communities); Minister of State (Department for Transport); Financial Secretary (HM Treasury); Solicitor General (Attorney General's Office); Minister of State (Ministry of Justice); Solicitor General (Attorney General's Office); Parliamentary Under-Secretary (Ministry of Justice)",2024-07-05
Sheryll Murray,4100,0.0,,
John Hayes,350,7.66,"Minister of State (Department for Transport); Minister of State (Home Office) (Security); Minister of State (Department for Transport); Minister without Portfolio (Cabinet Office); Minister of State (Department of Energy and Climate Change); Minister of State (Department for Education) (Jointly with the Department for Business, Innovation and Skills); Minister of State (Department for Business, Innovation and Skills) (Further Education, Skills and Lifelong Learning) (also in the Department for Education)",2018-01-09
Alberto Costa,4439,0.0,,
Richard Bacon,1451,0.0,,
Andrea Leadsom,4117,6.32,"Parliamentary Under-Secretary (Department of Health and Social Care); Secretary of State for Business, Energy and Industrial Strategy ; Lord President of the Council and Leader of the House of Commons; Secretary of State for Environment, Food and Rural Affairs; Minister of State (Department of Energy and Climate Change); Economic Secretary (HM Treasury)",2024-07-05
Katherine Fletcher,4834,0.1,Parliamentary Under-Secretary (Department for Transport); Parliamentary Secretary (Cabinet Office),2022-10-27
Gavin Williamson,4108,4.98,Minister of State (Cabinet Office) (Minister without Portfolio); Secretary of State for Education; Secretary of State for Defence; Parliamentary Secretary to the Treasury and Chief Whip,2022-11-08
James Cartlidge,4519,2.48,Minister of State (Ministry of Defence); Exchequer Secretary (HM Treasury); Parliamentary Under Secretary of State (Ministry of Justice) (and Assistant Government Whip); Assistant Whip,2024-07-05
Robert Buckland,4106,7.47,Secretary of State for Wales; Lord Chancellor and Secretary of State for Justice; Minister of State (Ministry of Justice); Solicitor General (Attorney General's Office),2022-10-25
Andrew Selous,1453,2.01,Assistant Whip (HM Treasury); Parliamentary Under-Secretary (Ministry of Justice),2016-07-17
Gary Streeter,234,1.82,Parliamentary Secretary (Lord Chancellor's Department); Assistant Whip (Law Officers),1997-05-01
Gagan Mohindra,4804,0.8,Assistant Whip,2024-07-05
Elizabeth Truss,4097,10.13,"Prime Minister, First Lord of the Treasury, Minister for the Civil Service, and Minister for the Union; Foreign Secretary; Minister for Women and Equalities; Secretary of State for International Trade and President of the Board of Trade; Chief Secretary to the Treasury; Lord Chancellor and Secretary of State for Justice; Secretary of State for Environment, Food and Rural Affairs; Parliamentary Under-Secretary (Department for Education)",2022-10-25
Jeremy Hunt,1572,10.92,"Chancellor of the Exchequer; Secretary of State for Foreign and Commonwealth Affairs; Secretary of State for Health and Social Care; Secretary of State for Health; Secretary of State for Culture, Media and Sport",2024-07-05
Andrew Murrison,1466,5.01,Parliamentary Under-Secretary (Ministry of Defence); Minister of State (Foreign and Commonwealth Office) (Joint with the Department for International Development); Parliamentary Under-Secretary (Northern Ireland Office); Parliamentary Under-Secretary (Ministry of Defence),2024-07-05
Royston Smith,4478,0.0,,
David Amess,44,0.0,,
Damien Moore,4669,0.1,Assistant Whip,2022-10-27
Kwasi Kwarteng,4134,3.91,"Chancellor of the Exchequer; Secretary of State for Business, Energy and Industrial Strategy ; Minister of State (Department for Business, Energy and Industrial Strategy); Parliamentary Under-Secretary (Department for Exiting the European Union)",2022-10-14
Steve Double,4452,2.01,"Government Whip, Lord Commissioner of HM Treasury; Parliamentary Under-Secretary (Department for Environment, Food and Rural Affairs); Assistant Whip",2023-11-13
Derek Thomas,4532,0.0,,
Theo Clarke,4819,0.0,,
Karen Bradley,4110,6.88,"Secretary of State for Northern Ireland; Secretary of State for Digital, Culture, Media and Sport; Secretary of State for Culture, Media and Sport; Parliamentary Under-Secretary (Home Office); Lord Commissioner (HM Treasury) (Whip); Assistant Whip (HM Treasury)",2019-07-24
Stephen McPartland,4093,0.17,Minister of State (Home Office) (Security),2022-09-06
Matt Vickers,4844,0.0,,
Jo Gideon,4817,0.0,,
Jonathan Gullis,4814,0.14,Parliamentary Under-Secretary (Department for Education),2022-10-28
Jack Brereton,4643,0.0,,
William Cash,288,0.0,,
Suzanne Webb,4802,0.84,Assistant Whip; Assistant Whip,2024-07-05
Nadhim Zahawi,4113,5.05,"Minister without Portfolio (Cabinet Office); Chancellor of the Duchy of Lancaster; Minister for Equalities; Minister for Intergovernmental Relations; Chancellor of the Exchequer; Secretary of State for Education; Parliamentary Under-Secretary (Department of Health and Social Care); Parliamentary Under-Secretary (Department for Business, Energy and Industrial Strategy); Parliamentary Under-Secretary (Department for Education)",2023-01-29
Siobhan Baillie,4847,0.0,,
Andrew Mitchell,1211,9.44,"Minister of State (Foreign, Commonwealth and Development Office) (Minister for Development and Africa); Parliamentary Secretary to the Treasury and Chief Whip; Secretary of State for International Development; Parliamentary Under-Secretary (Department of Social Security); Lord Commissioner (HM Treasury) (Whip); Assistant Whip (HM Treasury)",2024-07-05
Paul Scully,4414,3.75,"Parliamentary Under Secretary of State (Department for Science, Innovation and Technology); Parliamentary Under-Secretary (Department for Digital, Culture, Media and Sport) ; Minister of State (Department for Levelling Up, Housing and Communities); Minister of State (London); Parliamentary Under-Secretary (Department for Business, Energy and Industrial Strategy); Minister of State (London)",2023-11-13
Christopher Pincher,4075,5.77,"Treasurer of HM Household (Deputy Chief Whip, House of Commons); Minister of State (Department for Levelling Up, Housing and Communities); Minister of State (Housing, Communities and Local Government); Minister of State (Foreign and Commonwealth Office) ; Treasurer of HM Household (Deputy Chief Whip, House of Commons); Comptroller (HM Household) (Whip, House of Commons); Assistant Whip (HM Treasury)",2022-06-30
Esther McVey,4084,4.8,"Minister without Portfolio (Cabinet Office); Minister of State (Housing, Communities and Local Government); Secretary of State for Work and Pensions; Treasurer of HM Household (Deputy Chief Whip, House of Commons); Minister of State (Department for Work and Pensions) (Cabinet); Minister of State (Department for Work and Pensions); Parliamentary Under-Secretary (Department for Work and Pensions)",2024-07-05
Rebecca Pow,4522,4.8,"Parliamentary Under-Secretary (Department for Environment, Food and Rural Affairs); Parliamentary Under-Secretary (Department for Environment, Food and Rural Affairs); Parliamentary Under-Secretary (Department for Digital, Culture, Media and Sport) ",2024-07-05
Lucy Allan,4411,0.0,,
Laurence Robertson,253,0.0,,
Geoffrey Clifton-Brown,249,0.0,,
Mark Pritchard,1576,0.0,,
Kevin Hollinrake,4474,1.69,"Minister of State (Department for Business and Trade); Parliamentary Under Secretary of State (Department for Business and Trade); Parliamentary Under-Secretary (Department for Business, Energy and Industrial Strategy)",2024-07-05
Luke Hall,4450,2.42,"Minister of State (Education); Minister of State (Housing, Communities and Local Government); Parliamentary Under-Secretary (Housing, Communities and Local Government)",2024-07-05
Neil Parish,4072,0.0,,
Kevin Foster,4451,3.56,Minister of State (Department for Transport); Parliamentary Under-Secretary (Home Office); Parliamentary Under-Secretary (Wales Office); Assistant Whip; Parliamentary Secretary (Cabinet Office),2022-10-26
Geoffrey Cox,1508,1.6,Attorney General,2020-02-13
Anthony Mangnall,4762,0.0,,
Cherilyn Mackrory,4758,0.0,,
Boris Johnson,1423,5.11,"Prime Minister, First Lord of the Treasury, Minister for the Civil Service, and Minister for the Union; Secretary of State for Foreign and Commonwealth Affairs",2022-09-06
James Davies,4476,1.05,Parliamentary Under-Secretary (Wales Office),2023-11-13
Alun Cairns,4086,5.31,Secretary of State for Wales; Parliamentary Under-Secretary (Wales Office); Lord Commissioner (HM Treasury) (Whip),2019-11-06
Imran Ahmad Khan,4841,0.0,,
Eddie Hughes,4635,2.57,"Parliamentary Under Secretary of State (Department for Levelling Up, Housing and Communities); Parliamentary Under-Secretary (Housing, Communities and Local Government); Assistant Whip",2022-09-08
David Johnston,4761,0.85,Parliamentary Under-Secretary (Department for Education),2024-07-05
Andy Carter,4791,0.0,,
Dean Russell,4812,0.1,"Parliamentary Under-Secretary (Department for Business, Energy and Industrial Strategy)",2022-10-27
Peter Aldous,4069,0.0,,
Nusrat Ghani,4460,3.92,"Minister of State (Minister for Europe); Minister of State (Department for Business and Trade) (jointly with the Cabinet Office); Minister of State (Department for Business, Energy and Industrial Strategy); Lord Commissioner (HM Treasury) (Whip); Assistant Whip (HM Treasury); Parliamentary Under-Secretary (Department for Transport)",2024-07-05
Peter Bone,1581,0.22,Deputy Leader of the House of Commons,2022-09-27
James Heappey,4528,4.28,Minister of State (Ministry of Defence) (Minister for the Armed Forces); Minister of State (Ministry of Defence); Parliamentary Under-Secretary (Ministry of Defence),2024-03-26
Grant Shapps,1582,10.38,"Secretary of State for Defence; Secretary of State for Energy Security and Net Zero; Secretary of State for Business, Energy and Industrial Strategy ; Home Secretary; Secretary of State for Transport; Parliamentary Under-Secretary (Foreign and Commonwealth Office); Minister of State (Department for International Development); Minister without Portfolio (Cabinet Office); Minister of State (Department for Communities and Local Government) (Housing)",2024-07-05
Andrew Bowie,4601,1.69,Parliamentary Under Secretary of State (Department for Energy Security and Net Zero); Parliamentary Under-Secretary (Department for International Trade),2024-07-05
Nicola Richards,4868,0.0,,
Shaun Bailey,4757,0.0,,
Chris Loder,4751,0.0,,
Harriett Baldwin,4107,5.46,Minister of State (Foreign and Commonwealth Office) (Joint with the Department for International Development); Minister of State (Department for International Development) (Joint with the Foreign and Commonwealth Office); Parliamentary Under-Secretary (Ministry of Defence); Economic Secretary (HM Treasury); Lord Commissioner (HM Treasury) (Whip); Assistant Whip (HM Treasury),2019-07-25
John Penrose,1584,5.77,"Minister of State (Northern Ireland Office); Parliamentary Secretary (Cabinet Office); Lord Commissioner (HM Treasury) (Whip); Assistant Whip (HM Treasury); Parliamentary Under-Secretary (Department for Culture, Media and Sport)",2019-07-26
Stephen Hammond,1585,2.55,Minister of State (Department of Health and Social Care); Parliamentary Under-Secretary (Department for Transport),2019-07-25
Adam Afriyie,1586,0.0,,
Priti Patel,4066,6.44,Home Secretary; Secretary of State for International Development; Minister of State (Department for Work and Pensions) (Cabinet); Exchequer Secretary (HM Treasury),2022-09-06
Robert Courts,4589,2.61,Solicitor General (Attorney General's Office); Parliamentary Under-Secretary (Department for Transport),2024-07-05
Jonathan Lord,4090,0.0,,
Jane Stevenson,4750,0.0,,
Stuart Anderson,4742,1.99,"Vice Chamberlain (HM Household) (Whip, House of Commons); Government Whip, Lord Commissioner of HM Treasury; Assistant Whip",2024-07-05
Robin Walker,4091,5.97,Minister of State (Education); Minister of State (Northern Ireland Office); Parliamentary Under-Secretary (Northern Ireland Office); Parliamentary Under-Secretary (Scotland Office) (jointly with the Northern Ireland Office); Parliamentary Under-Secretary (Department for Exiting the European Union),2022-07-06
Mark Jenkinson,4752,0.74,Assistant Whip; Assistant Whip,2024-07-05
Peter Bottomley,117,5.88,Parliamentary Under-Secretary (Northern Ireland Office); Parliamentary Under-Secretary (Department for Transport); Parliamentary Under-Secretary (Department of Employment),1990-07-28
Sarah Atherton,4855,0.1,Parliamentary Under-Secretary (Ministry of Defence),2022-10-27
Steve Baker,4064,2.89,Minister of State (Northern Ireland Office); Parliamentary Under-Secretary (Department for Exiting the European Union),2024-07-05
Mark Garnier,4074,1.48,Parliamentary Under-Secretary (Department for International Trade),2018-01-09
Ben Wallace,1539,9.13,Secretary of State for Defence; Minister of State (Home Office) (Security); Parliamentary Under-Secretary (Northern Ireland Office); Assistant Whip (HM Treasury),2023-08-31
Marcus Fysh,4446,0.1,Parliamentary Under-Secretary (Department for International Trade),2022-10-27
Virginia Crosbie,4859,0.0,,
Julian Sturdy,4079,0.0,,
Stephen Barclay,4095,8.98,"Secretary of State for Environment, Food and Rural Affairs; Secretary of State for Health and Social Care; Secretary of State for Health and Social Care; Chancellor of the Duchy of Lancaster; Minister for the Cabinet Office and Chancellor of the Duchy of Lancaster; Chief Secretary to the Treasury; Secretary of State for Exiting the European Union; Minister of State (Department of Health and Social Care); Economic Secretary (HM Treasury); Lord Commissioner (HM Treasury) (Whip); Assistant Whip (HM Treasury)",2024-07-05
Jacqueline Doyle-Price,4065,4.34,"Minister of State (Department for Business, Energy and Industrial Strategy); Parliamentary Under-Secretary (Department of Health and Social Care); Parliamentary Under-Secretary (Department of Health); Assistant Whip (HM Treasury)",2022-10-27
Thomas Tugendhat,4462,1.83,Minister of State (Home Office) (Security),2024-07-05
Gregory Clark,1578,9.36,"Secretary of State for Levelling Up, Housing and Communities; Secretary of State for Business, Energy and Industrial Strategy ; Secretary of State for Communities and Local Government; Minister of State (Department for Business, Innovation and Skills) (Universities and Science); Minister of State (Cabinet Office); Financial Secretary (HM Treasury); Minister of State (Department for Business, Innovation and Skills) (Decentralisation and Cities) (also in the Department for Communities and Local Government); Minister of State (Department for Communities and Local Government) (Decentralisation and Cities) (also in the Department for Business, Innovation and Skills)",2022-09-06
Matthew Hancock,4070,8.8,"Secretary of State for Health and Social Care; Secretary of State for Digital, Culture, Media and Sport; Minister of State (Department for Digital, Culture, Media and Sport) (Digital Policy); Minister of State (Department for Culture, Media and Sport) (Digital Policy); Paymaster General and Minister for the Cabinet Office; Minister of State for Portsmouth; Minister of State (Department of Energy and Climate Change); Minister of State (Department for Business, Innovation and Skills); Minister of State (Department for Education) (Jointly with the Department for Business, Innovation and Skills); Minister of State (Department for Business, Innovation and Skills) (Jointly with the Department for Education); Parliamentary Under-Secretary (Department for Business, Innovation and Skills); Parliamentary Under-Secretary (Department for Education) (Jointly with the Department for Business, Innovation and Skills)",2021-06-26
Stephen Brine,4067,2.69,Parliamentary Under-Secretary (Department of Health and Social Care); Parliamentary Under-Secretary (Department of Health); Assistant Whip (HM Treasury),2019-03-25
Michael Gove,,12.0,Secretary of State for Levelling Up; Secretary of State for Environment; Lord Chancellor; Secretary of State for Education; Chief Whip,2024-07-05
Chris Grayling,,9.0,Secretary of State for Transport; Lord Chancellor; Secretary of State for Work and Pensions; Minister of State for Employment,2019-07-24
Alok Sharma,,5.0,COP26 President; Secretary of State for Business; Secretary of State for International Development; Minister of State,2022-09-06
Mark Harper,,6.0,Secretary of State for Transport; Chief Whip; Minister of State for Immigration,2024-07-05
Rachel Maclean,,3.0,Minister of State for Housing; Parliamentary Under Secretary of State for Transport; Parliamentary Under Secretary of State for Safeguarding,2024-07-05
David T. C. Davies,,4.0,Secretary of State for Wales; Parliamentary Under Secretary of State,2024-07-05
Alister Jack,,5.0,Secretary of State for Scotland,2024-07-05
Craig Mackinlay,,0.0,,
Theresa May,,16.5,Prime Minister; Secretary of State for the Home Department,2019-07-24
Victoria Prentis,,4.0,"Attorney General; Minister of State for Farming, Fisheries and Food; Parliamentary Under Secretary of State",2024-07-05
ThÃ©rÃ¨se Coffey,,7.5,Secretary of State for Environment; Secretary of State for Work and Pensions; Deputy Prime Minister; Parliamentary Under Secretary of State,2024-07-05
Graham Brady,,0.5,Parliamentary Under Secretary of State for Schools,2007-07-02
Simon Hart,,4.5,Secretary of State for Wales; Parliamentary Secretary; Chief Whip,2024-07-05
Kate Griffiths,,0.0,,
Eleanor Laing,,0.0,,
John Redwood,,0.0,,
